record_id,slug,contact_form_button_text_fixed
rec024riAcl6t1Udy,prodalkvartiru1,Начать инвестировать
rec0esOZNPyu1ZhQU,pokazatelieffektivnosti,Войти в фонд
rec0wtiuM2tzEsTdh,luchshiestrategii,Инвестировать
rec1ybJAZhy64iinI,investitsiirossii1,Инвестировать
rec2ODk1mbI7ebeCr,pensionnyeinvestitsionnye,Вложить в будущее
rec2VelPygkUSDhFS,investitsiisnizhayutsya,Начать инвестировать
rec2X0h7YT1zDxYzu,reestrfondov,Сделать вклад
rec3A5b8wCccOe6VE,nalogooblozheniepaev,Оптимизировать финансы
rec3MJedYFxAAaKkr,kakayazashchita,Начать с Finstar
rec4ArF7mRvKuVPkH,investitsiisanktsiyakh,Начать защиту
rec4TfuLpzfgmxwIk,vlozhitzpif2,Доверить капитал
rec4eaTu7Ko5MHF6M,ishchuinvestitsii,Начните инвестировать
rec4wWaTCZ2UBDDuW,ispolzovatzpif2,Начать с Финстар
rec5BtauYwvy6Ei2Q,vlozhitdengi32,Стартуем вместе
rec5y7HkAWCfJhIK8,otsenkariskov,Запустить инвестиции
rec6EojVHG8ve9H8k,kogdavyyti,Начать сегодня
rec6kix2xCj8piMhm,delatesli,Начать с нами
rec6vsDFoxqwHXsuH,raschetfonda,Начать с нами
rec883GWWcamjd1gM,vlozhitmln7,Инвестировать
rec8JbWuro3ogvGI8,vlozhitdokhod4,Начать инвестировать
rec8cph2mRIab4nlH,investitsionnyefondy,Старт инвестиций
rec9gRrUzOOP5lsFd,obezopasitvlozheniya,Начать инвестировать
recAmHOEOdXVwbCnx,kupitpai1,Начать инвестирование
recBNtLkwb76cBbWn,kakieinvestitsii14,Начать с Finstar
recCsw8gbMhIJ57ZA,luchshieinvestitsii,Создать портфель
recEfElAEMQcKDOz0,vlozheniekapitala12,Начать вложение
recFR41vH6Rk1UDq8,vlozheniekapitala,Начать инвестировать
recGGtVfupYG6xFZz,kakieusloviya,Начать с нами
recH4X85WRG3krUq8,bezopasnyevlozheniya,Инвестировать уверенно
recHAkdzXgbxaWwwB,prodalbiznes,Начать инвестировать
recHzMK5rBcIeot64,dolgosrochnyeriskovye,Приступить к инвестированию
recIE3ZGBNqCyWBzq,investiruyutprofessionalnye1,Начать инвестировать
recIrlWf4u6PELNS3,obeminvestitsiy,Начать с нами
recJNNzsqwjF30E87,snizhenieobema,Начать сейчас
recKQK1ulkyAByEZ9,investitsiidomokhozyaystv,Начать вложения
recKQTYaSMfGuupaA,sferadeyatelnosti,Вложить капитал
recKqziNBeuTBIRJn,vlozhitstavke,Начать сейчас
recLWGIHWDg1Ic1de,sanktsiiinvestitsii,Инвестировать сейчас
recLyYV0TEuQAU1uQ,dokhodnostzpif,Инвестировать безопасно
recNKhFxx2lR1heum,vygodneestudiya,Начать с нами
recNgmu8hxbh0Q7Ow,vlozhitposle3,Открыть инвестиции
recO39rXFQN0Jy7Ut,poluchitdokhod,Начать инвестировать
recOo6ah3bkwhAv6S,investitsiizanimayut,Старт с Finstar
recPf3SqrTguw8bsH,mestnyeinvestitsii,Инвестировать уверенно
recQln6Lslf1cgmRS,nachatinvestirovat2,Приступить
recRGJoROSmxaKkir,vlozhitdengi8,Начать с нами
recRN6gNVLIxqI2ds,chistayaprivedennaya,Начать инвестировать
recRXARANvvBt68Fc,lgotyinvestitsii,Начать инвестировать
recRbYDC4dPdZ1Ceo,vybratvenchur,Начать с инвестиций
recRr0Lb751FjLaoK,proektypod,Начните инвестировать
recS8rWCNxINZjJ1B,investitsiivysokoy,Инвестировать сейчас
recTNpFGyJxhNSsFZ,vlozhitposle9,Стать инвестором
recTwBAKdCVudZbvZ,vlozhitdengi14,Начать вложение
recU2U5TXXKQ1Xz0N,investitsiiotzyvy,Создать капитал
recUN6OApuB4bOF2l,reinvestirovatdokhody1,Приступить к вложению
recUTm2jtQq95J1zI,vlozhitdengi20,Начать инвестировать
recWVWLdmz3t0M4wC,vlozhitrossii,Создать портфель
recWlJUpk6Ku7oUB3,kakieinvestitsii2,Инвестировать теперь
recXHLqF1TkILZhcL,investitsiimsp,Начать вкладывать
recY26WZNVM3czVCC,predostavleniebyudzhetnykh,Управлять капиталом
recY4wLnzsfl16g1V,vlozhitmln1,Приобрести пай
recYCJqeqy8vgfkgj,ideivlozheniya,Создать портфель
recYu0tKXBuiQEtmi,investitsiivladeltsev,Начать с инвестиций
recZccyjM8X8o0AYV,investitsiyapartnerstvo,Начать партнерство
recZfGP7ztLzrkQYV,fondynedvizhimosti,Стать инвестором
recZlk4Pbl5HvmoHO,pokupayutkvalifitsirovannye,Планировать доход
reca1fRi2HX8NKtik,gdenauchitsya,Присоединиться
recaAcT9rrFRHXjRX,investitsiifunktsiya,Начать с нами
recaBXD0WaGXdfE7E,vlozhitdengi2,Инвестировать сейчас
recaCSTnH5uvqCxvZ,planpensiyu,Начать планировать
recaOiXvOCWrlgP0A,doveritelnoeupravlenie,Приступить к инвестициям
recagNPBGMMlwi6Zg,investirovatnedvizhimost19,Начать инвестировать
recbQesSL9A8FC1iI,investitsiizpif,Начать вкладывать
recck8ifKiFzqlr98,investirovatchernyy,Начать инвестирование
recco4VVBhlz0Gzp6,investitsiibudushchey,Начать инвестировать
recdfE5OQuFNKPh8L,luchshepif,Инвестировать с нами
receZpUn7nTXZ93qS,oshibkinachinayushchikh,Начать инвестировать
rececGfJDnA4EXD30,perevodyatkapital,Защитить капитал
recer6DYciljKerpT,otkrytzpif2,Начать инвестировать
recewUOneAilajsrn,vlozheniyazpif,Старт инвестиций
recfmMWA148iI8Xb2,federalnyyzakon,Создать портфель
recg8duxgslYcikSn,diversifikatsiyaportfelya,Инвестировать сейчас
recgCwIjuF20Q9TeL,investirovatposle2,Управлять капиталом
recgidNdrn9oVm0vj,investirovatzpif5,Начать инвестировать
reci2HqKdoK6QJesq,investirovatbiznesa,Начать инвестировать
reciYYPGU1LCEO5C6,vlozhitmln13,Начать инвестировать
recivLzGAybmtX4RT,investitsiipokupka,Начать сегодня
reckEXcy376hr3H1Q,kakieinvestitsii8,Планировать Рост
reckaPYIefaJdr8vN,vlozheniekvalov,Стартовать
reckbiy2QrzdDhjBV,agentstvorazvitiya,Вложить уверенно
reclmgBIJ6iqRg8Zm,analizeffektivnosti,Начать с Finstar
recm6HE6bjpx9z5xA,instrumentyminimalnym,Начать с нами
recmnbGnYn8rMNgRG,vybratnovichku,Начать сейчас
recmsbh2D4bQNV1iT,vlozhitkapital2,Стартовать с нами
recn54gosdCvJtVr4,vlozhitpensiyu,Инвестировать сейчас
reco7r9oD9ZYTP3wE,investirovatkolebaniyakh,Защити активы
recogdD0e26IlxGUM,nakopitotpusk,Приступить
recpAVmPaLChG7pC6,byudzhetnyeinvestitsii,Присоединиться
recqH8I358Qx2Zzqu,pryamyminvestitsiyam,Присоединиться
recsUEqxoaYy00Vy4,investitsiibez2,Стартовать с нами
rectP4f6msgSPg1SB,riskizpif,Инвестировать сейчас
rectxpAJOtN81CEDD,investitsiiigrat,Начать с Finstar
rectygAU4sL3eTNYL,investitsiiproizvodstvo1,Начать с Финстар
recvFOHGrZjgwAkTu,vlozheniekapitala6,Войти в фонд
recvJdTNtNUItB0nN,nalogiinvestitsii,Инвестировать сейчас
recvM57Jr3ZfFregg,vlozhitdengi38,Инвестировать легко
recvP9iooKSNChnKV,vybratdokhode,Начать с нами
recvh6kS2BnTg2Flb,investitsiinulya,Приступить
recxeDmzoOobWVD6c,finansovyeinvestitsii1,Начать с Финстар
reczjuTzn8MXQe4Xp,vlozhitdengi26,Готов инвестировать
rec0Ran3hV8aHIEA2,investirovatchtoby,Начать инвестировать
rec1B3A1Ugw6mOZ1L,otkrytzpif3,Открыть ЗПИФ
rec1OglPLe3NecZkr,iispensii,Инвестировать сейчас
rec1W0gWZrciS2mB4,kogdazabrat,Начать вложение
rec1oeQkdcrKPBM09,pereytipifa,Перейти в ЗПИФ
rec20L4MtSjgIQF1I,vlozhitdengi9,Начать инвестиции
rec2IZiOSdfrCni8s,aktsionernoeobshchestvo,Начать инвестировать
rec2aZyUN8jvQQf4l,bezopasnyevlozheniya1,Начать сегодня
rec4MKYC6h4jzVZYD,poluchitdokhod1,Инвестировать сейчас
rec4u1qqTmClQmyFW,lideryinvestitsiy,Начать с Finstar
rec5LprWEhcES6G7I,vlozhitnasledstvo,Начать инвестирование
rec6x6zCnOjfWgvkO,vlozhitsvobodnye,Начать с нами
rec7Iqu2yt6a0t6vQ,vnestiinvestitsii,Начать инвестировать
rec8k12WeD4jrpUm3,dolgosrochnyetseli,Начать инвестирование
rec8tJCL5zmR4d9OK,investirovatzpif,Начать капитализацию
rec94Vr37DhM3hQgy,otkrytiezpif,Инвестировать сейчас
recA6naJIcuiyS36b,vlozhitposle10,Запросить детали
recAm4gCszItO4KJo,investirovatproverennyy,Начать с нами
recAnr3eFKMTwcoqt,nadezhnyeinvestitsii,Управлять капиталом
recBt9iPOgMyP1jlS,formirovatkapital,Приступить к действиям
recC2uVdVlJR5Fc0z,obyazatelstvainvestitsiyakh,Инвестировать с нами
recCEi1LzvWXjnxz4,vlozhitdengi27,Начать инвестировать
recCP4KGaTVmmjcDw,osnovnayaforma,Начать вложение
recD9AZCN9xhW8kTK,peredachakapitala,Обеспечить будущее
recE7tcnE4MykI3Kb,planprivlecheniya,Начать с Finstar
recE8tJ7ZYzLNfMR7,vlozheniekapitala13,Начать с нами
recEN6UYtW8htf2zA,refinansirovanieproektov,Вложить эффективно
recEcYYN7ZnpdAuzg,investitsiivmesto,Пора инвестировать
recF24Irc0znTHEW0,vlozhitposle4,Начать инвестировать
recFWf9GsPvm1hlls,vlozhitdengi15,Начать инвестирование
recFhpJgE3XI017Ev,paevoyinvestitsionnyy,Начать с нами
recFm7fQ6lkAWj41U,ispolzovatzpif3,Начать защищать
recG2qaCx68dpgyNi,vlozhitdengi3,Приступить к инвестированию
recG53mI381NQaVlX,vybratdom,Вложить средства
recGN6lFwJPIuLYds,vlozhitmln2,Начать инвестировать
recK77Ld43S1BMvYb,metodyfinansovoy,Приступить к инвестированию
recKXKsc0gvZmqww9,vlozhenieposle,Приступить к росту
recKpzivUvXz1EeXT,dokhodnostzpifov,Начать инвестировать
recLmoD7hg6VjSboI,investitsiigarantirovannoy,Стартовать с нами
recN8E3z8u6FZZ5C2,kakiebyvayut,Инвестировать сейчас
recNKwRvuSGDMIPY0,vlozhitdengi39,Начать инвестировать
recOFlCQWGg6qPCW0,investitsiialternativa,Начать с инвестиций
recPCHBaOZABI4ES5,investitsiibez3,Начать инвестирование
recT9H7wDbYyHApdp,investitsiiprotsenty,Инвестировать сейчас
recTEDbBlyBhUSGkm,vlozhitrubli,Приступить к вложению
recTMhXJVJuo4pAGv,delatesli1,Защитить активы
recTWKVAz0XTx8ffY,investitsiizpif1,Начать с Finstar
recUMgXT6QFv8qzOf,investirovatzpif6,Старт с Finstar
recUy4LLfGwkCOD9r,instrumentyprofuchastnikov,Начать сейчас
recV83KoQ6dsGPMsS,kakieinvestitsii3,Инвестировать уверенно
recWiYHD25gTSAc8W,chegonachat,Приступить сейчас
recWrUrMp7V4scT42,kakieinvestitsii15,Увеличить капитал
recXDnrjjrSOXvx6m,portfelkvalifitsirovannogo,Инвестировать с нами
recXZA4a2QoTbky9W,investitsiipensionnogo,Приступить к вложениям
recXcavBYhAa3RFxR,nakopitstartovyy,Создать капитал
recXrbCV8fLuii6Fl,prodalmashinu,Начать с фондом
recXx02Cjzhz0AOWj,luchshiestrukturnye,Приступить сейчас
recY6IIooKJTODppm,vlozheniekapitala1,Приступить к вложению
recYFxNlB0Ud7WgX1,sbalansirovannyyinvestitsionny,Начать сотрудничество
recYlSiNNsRpHCY00,investitsiirossiyskoe,Начать с инвестиций
recaA1rHhAyduBmsF,vlozheniekapitala7,Инвестировать с Finstar
recaECD7Xi5CQIsem,dumatinvestor,Приступить к инвестициям
recaMyYVw6Lckvlgu,chistyeinvestitsii,Начать с нами
recaNTDEDjytqnGF0,investitsiipolucheniya,Начать действия
recaTKf2YsseUjnXd,pokupkakommercheskoy,Начать инвестировать
recbKzh4FlgWxiKWm,kupitpay,Перейти к покупке
recbveUYYqm3Pc1w4,investitsiirealnye,Начать с нами
reccFU99spAfmEFCm,sformirovatkapital,Создать капитал
recfBdzmK31izmK5q,investitsii1,"Начать с ""Финстар"""
recfbctNwEwBJ1s6R,kreditnayafinansovaya,Формировать капитал
recfvZLiF9ILaHK0N,investitsiinachinayushchikh,Создать портфель
recg9Ylo4PrMn9beP,investitsiichastnogo,Сделать вклад
recizXcuQeQ78FHZj,pulsinvestitsii,Инвестировать сейчас
reck98IpHSGiUxiuy,vlozhitdengi33,Начать вложение
reckdAhLo4ku3EU4Q,dobavitportfelyu,Создать портфель
reckjbP03yXU2c7aI,vybratvmesto,Начать инвестировать
reckqp1Zm0mDeBiqm,raschetvalovykh,Вложить уверенно
recktDYtxeK3t8n8H,investirovatnestabilnosti,Приступить к инвестированию
reclLtUemqDvNvs1N,zpifyplavayushchey,Запустить инвестиции
reclYO4MW8s81aNZT,vlozhitdengi21,Начать вложение
reclk1fAm94NQFoY3,prodalbiznes1,Присоединиться
recllEiUWfDNrjoFs,vlozheniyacherez,Начать инвестировать
recmUZ83zxr2fP3bv,investitsiisnizhenie,Инвестировать надёжно
recnenKKd6IlcC4T8,pribylnostinvestitsiy,Начать реализацию
recnfYcpxIMzfyig6,gdeotkryt,Приступить к вложению
recnjhOe1YyWUsp10,investitsiiimeni,Создать портфель
recnpsxb8WLK20J5t,riskizpifa,Сохранить активы
recorHPWNnIEU7tdE,kakieinvestitsii9,Начать с FinStar
recpOpC66RVmatDBT,vlozhitpervye2,Начать с 5000 ₽
recpiOkNsiJRWLs7D,obeminvestitsiy1,Запустить инвестицию
recpz25enKjSFktGv,investirovatkontsa,Начать с Финстар
recq1mKn7quWhWNSd,nalogooblozheniezpif,Создать портфель
recqQeUVqzUi6SeNk,nalogiinvestitsiy,Стать инвестором
recr3E81TFFkvRy7O,luchshestrakhovanie,Начать инвестировать
recrqKWUfx5dkOLow,investitsiisanktsiyakh1,Управлять активами
recs1ox1eYXfHqNA2,nebolshieinvestitsii,Инвестировать сейчас
rectfNi1wl2HKEJRt,reinvestirovatdokhody2,Начать с нами
recxAKiYeGZcX21js,sobratportfel,Присоединиться
recy5MiHCjkYONRHr,kakiezpify,Инвестировать
recyj6FkndCQviMIX,vlozhitkapital3,Приступить к вложениям
reczTR3CJJxUxIrzj,pokazatelifinansovykh,Начать инвестировать
reczUlOj4iHLFdU7z,fonddokhodnostyu,Начать инвестиции
reczYY7g3TgzE2Yhr,finansovyeinvestitsii2,Начать инвестировать
reczZQtG6S5Jl2a1F,vlozhitmln8,Начать инвестировать
rec0bdmcXenBylvfT,luchshiefondy,Начать инвестировать
rec0gKpQz4eyOIBCm,vybratfond,Защитить капитал
rec1d6RXRYJh5G6Xf,paevyefondy,Начать с Finstar
rec201tGq9HSBKVYR,brokerkvalifitsirovannykh,Начать с Finstar
rec3Tteg9yA0sNVdx,pokazatelinvestitsii,Начать вложения
rec4CtrlygG0GkiTx,chegonachat3,Пора инвестировать
rec4Pn2eLIYAQUQbA,vlozhitmln3,Начать с капиталом
rec55oQVKQ6HKI2rF,kakieinvestitsii4,Инвестировать сейчас
rec5RsXVUZ6Z9eFVf,arendnyydokhod,Инвестировать
rec7lHTMojAvIfp80,investitsiibanke,Начать с нами
rec7x0uS1n8hf6gKp,kakieinvestitsii10,Начать инвестировать
rec86ipISqrgMgFBq,nakopitdom,Запустить инвестиции
recAPxrQWHiVBYjA0,vlozhitdengi4,Начать с Finstar
recAeYJC07lT62jxT,aktsiyayavlyaetsya,Начать путь
recAimVQGqpQTzLnl,investitsiinatsionalnyy,Начать с нами
recAlhlJICThBazgM,schetbanke,Начать с нами
recBekmSL0y8f1n85,investitsiidrugie,Начать с нами
recBkXRd4NeTCxkHR,vlozhitsanktsiyakh,Присоединиться
recC3Im1dez1wyirF,vlozheniesredstv,Присоединиться
recCRu9YeQu30DSg5,vybratzarubezhnyy,Присоединиться
recCzyi0ZkTx5NDkI,ezhemesyachnoeinvestitsii,Начать инвестирование
recDPiJ4zGToHQp9X,vlozhitdengi10,Инвестировать сейчас
recEkWCuR6iEyMP9w,investitsiibez4,Инвестировать
recF5KrFHpunAQ2I6,investitsiilet,Сделать шаг
recFOiwaX8ryh7KXL,fondgarantiey,Присоединиться
recFdKNUh2EmS8eYL,investitsii2,Начать инвестировать
recFjuwlPLPQW0X6Y,investitsiiposle,Начать инвестировать
recFvSkM9BhvqeoMS,vlozhitdengi28,Начать с нами
recHnhsLm0tWnxvKT,investitsiitrudovye,Стартуем сейчас
recIA3mX432FBnAYz,vlozhitmln9,Инвестировать сейчас
recJLI64jC6GAyI5X,vlozhitdengi34,Рассчитать доход
recJv1V9SNWL87yzA,nalogovayazashchita,Защитить активы
recJyFKkDiqvFXddd,prichinyrosta,Заполнить заявку
recKQ0LHiAtAkJjBC,vlozheniekapitala14,Начать путь
recKy8XjDrlKDTQrE,vlozhitpod,Присоединиться
recL6CuqAB0hh54cF,investirovatzpif1,Присоединиться
recMMNs7VGaVqd41I,prodaluchastok,Начать инвестирование
recNB3UGsjDnB0Dtn,dolyainvestitsiy,Начать инвестировать
recNC1ddR9R7CDtqu,dobavitzpif,Увеличить капитал
recOmHPzi3eVc33DR,vlozhitdokhod,Вложить средства
recOpzKbu6iX315yX,effektivnostinvestitsiy1,Начать с нами
recOqFc8qrqDQxsP1,finansovyykonsalting,Присоединиться
recP2VQroiTsWpLyU,obemyrealnykh,Стать инвестором
recQFRmVX1nzhoDiY,kakiezpify1,Подключиться к фонду
recQPJ82jsrFu1A44,delatnasledstvom,Управляться разумно
recRxHm25Ym1I5TMY,investitsiigodu,Начать путь
recSPCum2ZLb0wo6P,ispolzovaniezpifov,Консолидировать активы
recSW9ie8VGyws1cH,vlozheniekapitala2,Начать сотрудничество
recScAeaqluFBhb23,investirovatpensioneru,Начать путь
recTmuXtbZSze0R1q,investitsiizpif2,Начать инвестировать
recUI9Yl5pGlp5XvD,kakiedokumenty,Начать партнёрство
recV0klNDVSJ7SE7u,rabotaetsemeynyy,Создать портфель
recVJ5fkVasi2St2z,peredataktivy,Создать наследие
recVUl9vyYbOKhYRR,reinvestirovatkapital,Начать вложение
recVZWyRM8pZ1PCy1,progressinvestitsii,Преумножьте капитал
recXd3K4cUNZgP9Rn,investirovatfond,Инвестировать
recYIRodknvv02z0n,pifiis,Готов к старту
recZ6ZS7YH836L4cU,nalogipaev,Инвестировать
recZv8BH2zfRVtiOM,skolkozarabatyvayut,Инвестировать сейчас
recaG86iWsKHO0gzs,otkrytzpif4,Запустить портфель
recaaX3J2gp8VjTbk,darenieinvestitsionnykh,Присоединиться
recao1lxYiJv5lKhd,sokhranitdengi,Начать планировать
recaz9FEbYLtynp6p,investitsiyrazvitiya,Старт с Finstar
recbAIXGMwRuJd2VL,obzorfondov,Начать капитализация
recccZOt4DFdGMLQM,investitsiivmesto1,Начать инвестировать
recd9EoqwVTO0W1TR,vlozhitposle5,Инвестировать сейчас
recdQIA30rbcUymoK,investitsiisemi,Инвестировать сейчас
recdUhCZLMWifiUs2,registratsiyafonda,Создать фонд
recdZbjErWYmhdlNb,investitsiirealnyy,Заключить сделку
recfT3otFhKHK0LO8,formykapitalnykh,Запустить инвестиции
recfgWFTNIFEsah1h,investirovatroditelyam,Начать планирование
recfi04tJi2xe3lO7,kupitaktivy,Инвестировать сейчас
recfuSMb75AKa84cn,osnovnyesostavlyayushchie,Начать инвестировать
recgPcs9j9ncj9Bwh,investitsiiinstruktsiya,Инвестировать сейчас
recgvC4G5r95juigK,investirovatchtoby1,Начать инвестировать
rech8yVHoycNmeIIV,vlozheniekapitala8,Начать инвестировать
rech9JM4JDxFB8Vpy,istochnikiinvestitsiy,Присоединиться
rechD9j1Dt2uVfCzD,vozmozhnostinvestirovat,Начать с нами
rechkzzDoYRLrUzhv,gdevyshe,Начать инвестировать
reckGNaK8ozDbjKgL,vlozhitposle11,Начать инвестиции
reckdvXXCDwjpijJI,likvidnostpaev,Инвестировать сейчас
recktqv18Lk7nzxFS,nakopitsvadbu,Начать планирование
recmbmkVA5qaCql85,investitsiizaklyuchenie,Стартовать портфель
recmbpHV2WHAEFYuT,vlozhitchtoby,Начать вклад
recnwGPOQEChM2RnR,kompaniyaupravleniya,Начать с Finstar
recoVSvSrMkSlacpy,investitsiirossiyu,Инвестировать
recouSbxztGdg5ul2,riskovannyeinvestitsii,Активировать план
recpn8hXFshSWhUFw,vlozhitnasledstvo1,Защитить наследство
recprKJVJThmKWzGl,vlozhitdengi22,Начать вкладывать
recpubKacl4VERUwy,kupitpay1,Начать инвестировать
recqbYR18qGTKueZq,investirovaniepensionnyy,Начать инвестировать
recrGUJFiOX6yt9MO,imushchestvennyeinvestitsii,Инвестировать смело
recrqxgppTyagz1l9,kakieinvestitsii16,Инвестировать
recs9HZh8gZ1GbOKr,otkrytinvestitsionnyy,Открыть счёт
rectDtwPKOx4CA8XY,investirovatzpif7,Приступить к инвестициям
rectjs2Sge8CGQrsJ,dokhodsvobodnoe,Начать с Финстар
recuALqA2WiJ1iVD1,investirovatcherez1,Начать с ЗПИФ
recuu5srXOjv9TNM3,vlozhitdengi16,Присоединиться
recv5MPa8EeLVkAL7,investitsiiobrazovanie,Начать инвестирование
recv7wNebtKDgeN9P,luchshievarianty,Начать путь
recv887IYeRVOcytL,prodaldolyu,Начать инвестировать
recwiU9nNUF7r7n2Z,rasshirenieinvestitsionnogo,Начать инвестировать
recxcfTGBPSGXBPn5,finansovayastabilnost,Инвестировать сейчас
recyMgQAI5jw9Hkma,vybratpokupku,Начать с Finstar
recz3ytf3tUjb20Iq,investitsiisredstva,Инвестировать надёжно
recz6PXCe8yRCRwkM,poluchitdokhod2,Растить капитал
recz6TKCOlrprVxvm,investitsiidenezhnye,Начать инвестировать
reczV1FATuMPASXyL,investirovatkopit,Начать инвестировать
reczhrxTLormmfUdQ,investitsiirabotayushchego,Начать вкладывать
rec08bcAXU3oGFAIK,vlozhitmln10,Начать с нами
rec1KPCNpdjNpIg96,sleditzpif,Инвестировать сейчас
rec1ZdrGWNllSt4Tx,vlozheniekapitala15,Преобразовать капитал
rec2MjFfKtd6adENp,osnovnyesubekty,Начать с нами
rec2VyVtDhyauVnzh,vlozhitposle12,Начать инвестировать
rec3CXyXbitMjl8wo,dolgosrochnyeaktivy,Начать инвестиции
rec3S6e7lvIO9208c,obligatsiiprotiv,Инвестировать
rec6JObxsUfgjdthl,investirovatfond1,Начать инвестировать
rec6OZQjVg0zAoNtW,investitsiipod,Начать вложения
rec7Q56MatvO9rGCY,investirovatchtoby2,Защитить будущее
rec7dweCCP1DVnQiL,vlozhitdokhod1,Начать с Finstar
rec7xwrtibiMOswPh,politikainvestitsii,Начать сейчас
rec9FlOI4A8htld1O,investitsiiobuchenie,Начать финансирование
rec9HW5lBR6ymMW9B,ponyatfondovyy,Приступить к обучению
rec9XLMKIgE6N6kPf,kakieinvestitsii11,Начать инвестировать
rec9xEpyaoqBCAPXQ,godokupaemosti,Начать инвестировать
recBEIvmPhX7krrad,investitsiigorizontom,Начать план
recCBcnvcJAjIHoOj,pkodolgovye,Оптимизировать доход
recCYPjvpVOMJUH27,zpifprotiv7,Инвестировать
recChN3R1auESyrih,prodatpai,Запустить инвестирование
recCzcV3AmsDbhmgQ,forumyinvestitsiyam,Присоединиться
recFQF4902TkpukBo,investitsiyachitat,Начать инвестировать
recGC1KTLAmULoRfu,investiruyudobavit,Инвестировать с нами
recGTbiFF1KLCIbdQ,avtomaticheskoeinvestirovanie,Открыть инвестицию
recHDVzaufYLDF7Gz,vlozhitdengi29,Приступить к вложению
recHRrrMeHWM9jGtu,investkluby,Начать с Finstar
recHgboZS6qaBlFZK,investirovatpoluchennoe,Начать планирование
recILJ7BWRsz5Tjea,investitsiizakrytye,Подключиться к фонду
recIQyGzpsXLnx3IC,vlozheniekapitala9,Приступить к вложению
recKe4sniuou9905b,vybratzpif,Начать с Finstar
recMUcykT2WzEhkPD,kakieinstrumenty,Стартовать инвестиции
recMd5U06CQz4q0YH,portfelnyminvestitsiyam,Стать инвестором
recMudPyJCmyJPVgP,kakiezpify2,Начать дауншифтинг
recN1rJX9jrCnvzBO,investitsiinedvizhimost,Инвестировать сейчас
recNCrwXNasfw22ko,vybratpokupku1,Инвестировать
recOhNhNcS16GBS43,konservativnyestrategii,Приступить к вкладу
recPWBf2FoFL9LUqs,dopolnitelnyybiznes,Управлять капиталом
recPb8eO0CPQ45rKi,rukovodstvoinvestitsiyam,Инвестировать сейчас
recQmAv0ugnOUeToz,rasshireniestruktury,Начать с нами
recRSvwhhj9AkOInu,departamentinvestitsiy,Построить капитал
recTY1hWAC38hxWeB,nakopitdom1,Начать путь
recTb6eW0oDSYXVgq,investitsiidenezhnye1,Начать инвестировать
recUQriUejxP8oxr1,investitsiiposle4,Начать инвестировать
recV9H09Wd25b6the,investitsiizpif3,Начать инвестирование
recVvAvY3I7RZ9DMT,proiskhoditvykup,Запустить инвестиции
recW45G3rcgYvsQnL,ispolzovaniezpifov1,Начать инвестировать
recWEDKRqmWQMvOp1,investitsiibirzhi,Начать сейчас
recWgnRNiZQN1eP5R,kakieinvestitsii5,Присоединиться
recWpCzexjEeOEgDa,vozmozhnostiprivlecheniya,Инвестировать сейчас
recWyTkxkiUuNzutj,investitsiistabilnye,Начать с Finstar
recX4DNqb5RpY5ozD,vlozhitposle,Увеличить капитал
recXF1gJlErQMHvlM,kupitzpif,Приобрести ЗПИФ
recXLzQlLxOWzgKUt,chempomogayut,Приступить к инвестициям
recXMYyBjqFVfdciD,kupitchtoby,Присоединиться
recXPA6ANmlDzc2ej,sdelkizpif,Начать инвестировать
recYC6RMA4poNwx2E,vlozheniyagarantirovannoy,Начать с нами
recZCWtS9UVi8Cq1X,investirovatrossii,Начать инвестиции
recZEABEWuvyx9zZ2,investirovatvladeltsu,Начать путь
recZVoFBlUXMH3Be3,budetzpif,Закрыть сделку
recaBsx3qA3asI5KC,dogovorzpif,Управлять активами
recaIGG2EyAromYL8,vlozhitdengi11,Рассчитать доходность
recb2wWdVSVeR20iM,vlozhitdengi5,Открыть возможности
recbF36eCVUM8JXzc,investirovatcherez2,Начать с нами
reccAHpgiatp59N6B,ekonomicheskayasushchnost,Начать инвестирование
reccArnR7XQ4cFtxT,kakieinvestitsii17,Начать с нами
reccLVqg2XuD0eWwW,pokazatelirascheta,Начать с нами
recchkv8gZAeVRB1A,finansovyyplan,Вложить сейчас
reccjHIhhckSsnfJ7,prinositdengi,Начать с нами
reccktvCbuKeZI5nG,panikovatrynke,Начать управлять
receBfqb0UCnWLfzs,reinvestirovaniepribyli,Начать инвестировать
receBxEt5BEyJpN0j,investitsiiuchetom,Начать с нами
receHApuxRnp972rx,fondobespecheniem,Начать инвестировать
recgp8WIDn4FKPdXg,obespecheniezashchity,Начать с Finstar
recgropuK3MPTQIFi,nakopituchebu,Создать капитал
recgtMCirwFIjyJxW,vlozhitnestabilnom,Присоединиться
reciXzPbPct5XYhio,vlozheniesredstv1,Инвестировать сейчас
recjMzwaR2GZ6A6NC,otkrytschet1,Открыть счёт
reckD0iDgzIBYCwfv,nalogipribyl,Начать оптимизацию
reclEFkTYxw5Maa7K,investirovatzpif2,Начать управление
recm3SukD3uMNclAA,vlozhitdengi35,Начать инвестиции
reco1L3z5ittcEndw,peredatzpif,Передать наследство
reco2H5fHbgxtHAJe,nuzhnoznat,Начать с Finstar
reco7hNc295gWhGsv,vlozhitchtoby1,Начать с инвестиций
recoAwsfjCddd9LjG,vlozhitmln4,Начать инвестирование
recoSHLvEuhdzYIxW,investitsii5,Инвестировать в AI
recopi236227PTtyT,delatblokirovke,Начать инвестировать
recpiriJVLDQI1XzL,luchshiefondy1,Начать инвестировать
recq1Wvkqf4xoxmE1,istochnikipassivnogo,Начать инвестировать
recqXsJbZAFsbGqTh,vlozhitposle6,Начать инвестирование
recrYpivtLHZQOfa3,investitsiiinvestitsionnye,Начать инвестировать
recsmh83bKaxYgrob,vlozheniekapitala3,Начать с нами
rectW0oAnvMuU9YAo,luchshievlozheniya,Начать инвестиции
rectzlDkwASnxUt6j,investitsiirossiyu1,Приступить к вкладу
recuKhRborzWLB4YL,sokhranitdengi1,Защитить капитал
recubvgcftUlBrkEg,likvidnostzpif,Начать с ЗПИФ
recuybvkbA6wvh1y1,vybratklyuchevoy,Инвестировать легко
recwTZ1ViBRW2Lhuw,remontinvestitsii,Начать инвестировать
recwuT04IsZ01yKX3,vlozhitvalyutu,Начать с Finstar
recxKft3gY2A43JCk,investitsiirazvitie,Начать с нами
recy7iX6LFHC8WzET,otnositelnoinvestitsiy,Приступить к вкладу
recyKWZIMsdHhkiG2,vlozhitdengi23,Начать инвестировать
recywZ4gJ7KicjBDC,vlozhitdengi17,Начать путь
recz6CMlkaHVk1pMi,investitsiibankovskie,Стартовать с нами
recz7oTm7fdwJjrun,imushchestvozpif,Начать с Finstar
reczCZ4vJdHMIMjIr,faktoryizmeneniya,Начать анализ
reczCkjtPgxJ6S5Sn,rabotaetstruktura,Начать с нами
reczJoPHiJbdrzq1b,finansovayazashchita,Безопасно инвестировать
rec0291l9e3xsLE5a,vlozhitdengi6,Откройте инвестиции
rec08vY4EAJKyicWN,reytingzpifov,Приступить к инвестициям
rec0dzkUbZFRarh5u,vlozheniekapitala16,Начать инвестировать
rec0pYfsLvYldjrgh,passivnyydokhod,Начать с Finstar
rec1J7XPR94gEYkvY,vlozhitdengi12,Начать с нами
rec1tKyXz1schTDSC,investitsiiregulyarnymi,Начать вкладывать
rec2FVAfW7p8ulpDW,kakieinvestitsii12,Стать инвестором
rec3WHHjr0r3qEitQ,alternativavkladu,Создать портфель
rec3WzaH8mIsn2ZoX,vlozheniekapitala10,Старт с Finstar
rec48ZUPNJCUS90Dr,investitsiizpif4,Начать инвестировать
rec4AgwOvcGMr9j9d,vlozheniekapitala4,Запустить инвестицию
rec5FGbZm3wWQ40kU,vlozhitposle13,Планировать доход
rec5FKQpQWlUwlPGx,perevestiaktivy,Начать перевод
rec5RRcAALzRUnof3,diskontirovannyypotok,Начать с Finstar
rec5rpNLyn8MK6UH2,luchsheaktsii,Начать с Finstar
rec7g1io4qnkW4Qew,investirovatposle,Начать инвестирование
rec7oXeDKU4FUy3Pi,sluzhbafinansovoy,Укрепить капитал
rec816thZD5EKffA9,otkrytzpif,Начать с Финстар
rec94DnaNuqzX8iQw,investirovatrossiyskiy,Открыть инвестиции
recADn950uy2z85kt,vybratkurs,Начать обучение
recAcj4906nLq703w,garantirovannyeinvestitsii,Консолидировать активы
recB8TdgDPhlGz9H4,nachatinvestirovat,Начать с нами
recBeZ3udGTYJ4AOr,potrebitelskieraskhody,Начать путь
recBgCDFAnLvr0G2s,grafikvyplat,Стать инвестором
recCKPin0l60aEong,vlozhitoslablenii,Начать путь
recCUM8nyQz7Hgj3e,investitsiizalogovye,Начать инвестировать
recCnQVa18QgYi4Zl,vlozhitkapital,Построить будущее
recD9z63co3C7AL7M,finansovyyplan1,Начать планировать
recFMPfT1bakBzZaB,vlozhitsredstva,Инвестировать сейчас
recFTu6Vm63Q2cfTk,sokhranitdokhodnost,Инвестировать сейчас
recFcp4qhZSLcUDCW,luchshieinstrumenty,Создать наследие
recG9uAq2qr5JnGl9,vlozhitzpif,Инвестировать
recIPfhk6gDMq1x1E,pokupatpai,Инвестировать сейчас
recKaXClo2SFxlsI5,investitsiibez,Начать с Finstar
recLF5pgwfM8o7maW,obedinitdokhod,Инвестировать сейчас
recLoxcHiiFQb5g2z,isuinvestitsii,Начать инвестиции
recMCOITjqPJBwzHP,privlekatelnostinvestitsii,Стартовать инвестирование
recMJIgyXLaDQ2XxD,investirovatmodeli,Присоединиться к нам
recMNOY2Uokt4ginR,vlozhitposle7,Стартовать
recMOkU0dKlWLqxBn,investirovatzpif3,Стать инвестором
recMaa6omON392aq8,prostyeinstrumenty,Приступить к вкладу
recMlPY0FKojdt9PE,vybratzpif1,Начать инвестировать
recNOxS3EcnXk45Do,ekonomicheskiefinansovye,Управлять капиталом
recNgHsuwj2dEerTI,obligatsiivklad,Инвестировать с нами
recNlxGFuHhyapBDF,investitsiiuchrezhdeniya,Начать с нами
recO4xmoJWbV4jzek,vlozhitmln11,Начать с нами
recOQ4z7B7Hpm6aen,vlozhitdengi18,Инвестировать сейчас
recOX2YeXJlEvQMZs,vlozhitmln5,Приступить к вкладу
recOvq8F6Wd97vkdp,chemzaklyuchaetsya,Инвестировать сейчас
recP5zzLwh2GIIyYf,investirovatcherez3,Зарегистрировать счёт
recSlPetcDeHgpwCo,investirovatdengi,Рационально вложить
recSoqeWCftoyKwne,investiruyutposle,Начать инвестировать
recT5IduUfMonkPDf,poluchatdokhod,Приступить к доходу
recU7icgXTbYTWonf,kakieinvestitsii6,Начать инвестирование
recUFKuHIwUNDeAm5,vlozhitmillionov,Вложить уверенно
recUUAV7POv0wQAAs,vlozhitdokhod2,Запустить инвестирование
recVh3sMyeTaeMgrP,investitsiifinansovoy,Начать инвестиции
recWqG6KxVVfzO9hB,investirovatvysokoy,Инвестировать с нами
recXNkvMh7FqlTcLG,opredelitdokhodnost,Начать с 1 млн ₽
recYUdntsTTNbNMHE,investitsiirazvitie1,Приступить к росту
recZDmNq4lScW0Mgk,obespechitbudushchee,Инвестировать сейчас
recZfM6ycEvkkoj9n,kakoybroker,Начать с Finstar
recZnS6yuabp0T0OE,delatdengami,Начать инвестировать
recaioKgM5vgrBhG4,investitsiidokhodnostyu,Инвестировать сейчас
recbLEOmmuo95iQ1U,dopolnitelnyyistochnik,Начать инвестировать
recdcrh3oFHhZCFjq,investitsiisluchay,Стать инвестором
recde34Xc69emM1Hf,luchshiezpify,Начать с Finstar
recdjeqIsSJvVKHcU,luchshieplatformy,Начать сотрудничество
recdx9VeUaleZmaut,kakieistochniki,Инвестировать сейчас
recfIJUGVyCSeyftR,posleprodazhi,Управлять капиталом
recfdrMlOEa1scmud,prodalkompaniyu,Начать сейчас
recfyxg2fSFBVEgZU,ponyatietermina,Начать инвестировать
rechsxWCWYn4T9kLv,vlozhitdengi30,Запустить план
rechvhLgCxiJrzD4A,otsenkaokupaemosti,Начать с нами
reciKoByNf9Oeat9x,vlozhitposle1,Начать инвестирование
reciKrBvopJ18ILiW,nakopitmashinu,Начать планирование
recia42RqIfceimJT,investitsiibiznes,Создать капитал
recjgY4JiIYb3HIl3,fondpod,Начать инвестировать
reck4WpDGjyzVj2xs,dolgosrochnyeinvestitsii,Создать капитал
reckKqmmpivJmYhm9,investitsiirubley,Инвестировать
reckWKvd4n5N3dKIQ,nakopleniyainvestitsii,Приступить к вложению
reclnu1iLvpJpTKme,reinvestirovatdokhod,Инвестировать разумно
recmtaPJmHVVejUWv,vybratsemi,Защитить капитал
recnYfRfQDlvFOu7s,faktoryrazvitiya,Инвестировать сейчас
recoW02HPVsIXvHj6,semeynoeupravlenie,Начать управление
recpU9w0cuXv1d7Qy,investitsiinedvizhimost1,Инвестировать безопасно
recpdgbyo8NxFmgl2,ispolzovatzpif,Начать инвестировать
recplxRKXTbBCUxKX,investitsiipozhilykh,Создать капитал
recqOhwgDbEqLC9nG,investitsii7,Начать с «Финстар»
recqVK9irX9Mjf0aZ,investitsiivozmozhnostyu,Начать инвестировать
recrrlLIBPBZlQdZr,kakieinvestitsii,Начать инвестирование
recsCF4ar7P3H7atR,investitsiiinvestitsionnyy,Начать вложения
recsO531V86BaOgyt,planinvestitsiy,Инвестировать сейчас
recsTBGZloC4Eraxr,investitsiiosnovnoy,Управлять капиталом
rect5G3c02Ihdd0jf,vlozheniestartap,Начать портфель
rectjEQ4ii0dsuw7c,vlozhitdengi36,Вложить уверенно
recuaY6JxnK17ia9f,konservativnyyportfel,Начать инвестировать
recv4Es7jXz4FqkbP,vyberiteobekty,Инвестировать сейчас
recvHc0W9wWlAoCBO,vlozhitdengi,Сделать вклад
recvKM3UlJXlED9Hw,vlozhitdengi24,Старт с Finstar
recwGnQunWfxLcGe0,nalogivykhode,Начать с Finstar
recwPz6sfzFyCPlGC,rabotaetzpif,Вложить уверенно
recwT7SgOJOZr6vHm,bankiinvestitsii,Начать инвестировать
recxqc33iVzXH9wiD,vlozheniyavremenno,Начать сегодня
recyKdAgmjE7tSvnD,budushchayastoimost,Начать с Фондом
recyXAn6wMZdnSvIG,plyusyminusy,Начать с Finstar
recz5i9SLUPtcv7fL,investportfelgod,Начать управление
reczD3j9yBMZC8FQu,samyebezopasnye,Начать с нами
rec0tXAAFNdKVUZoK,otchetinvestitsiyam,Открыть инвестсчет
rec1KykBf6iwIXBHe,kakayadokhodnost,Начать с ФС
rec1S5SYM4zKPfwhp,vlozhitmln,Начать с нами
rec1UOi4v17qREQ7s,nalogooblozhenieinvestitsiy,Инвестировать сейчас
rec1b92IWMpl9YC3K,investirovatinnovatsii,Начать инвестировать
rec1zFZbDdSS1GAdF,investitsiirossii,Начать инвестировать
rec2xasoOLnIoUzrS,podderzhkarealnogo,Начать инвестировать
rec3Kz8GYIxb2ZMnz,pravilazpif,Начать сотрудничество
rec43Z59zUiy7QMP5,alternativnyeaktivy,Стать инвестором
rec4zIqWuh7O2z8hL,vlozhitdengi13,Присоединиться
rec50vmUOYvPFU3bf,vyberitevernoe,Начать с нами
rec5NOXkzzcN9uxG4,reinvestirovatdokhody,Начать реинвестировать
rec5T5mWBc5bROZdL,investitsiividam,Открыть инвестицию
rec6UeiyPQiJMpfP1,vlozheniekapitala5,Запустить рост
rec6Z4JF1tVIPrqgR,vlozhitpassivnyy,Начать с 1 млн ₽
rec7D3AyCs3PedqFG,investitsiibudushchee,Начать с нами
rec9J7tvNbVQ5SnlG,investirovatcherez4,Начать с нами
rec9zgnAc2JR9Vhev,vlozhitdengi19,Инвестировать надёжно
recASFjZqtDJQz2HN,vlozhitmln6,Начать инвестировать
recBDOJb3gItWHdar,luchshieinstrumenty1,Начать сотрудничество
recBvXxOoI30XcS9n,ispolzovatzpif1,Рассчитать выгоду
recCJyoN9gu5NSWZE,vlozhitdengi25,Начать путь
recCsc2TXQR64obxJ,planovyeinvestitsii,Стать инвестором
recDLVVBCGrJKDMOO,kanalypro,Начать вложения
recDi9QE9RVf6HPNR,vlozhitdokhod3,Инвестировать сейчас
recEgEXBl5kHKtUHi,investitsiyamotnosyatsya,Инвестировать сейчас
recEipTLFrUDlfwJm,vygodneefond,Увеличить капитал
recFovyFhWldq8PVf,investirovatrossiyskuyu,Начать инвестировать
recHhxxCiON4UIasu,oblozheniedokhodov,Открыть возможности
recIN9l0pk5RQyX59,vlozheniyazagorodnuyu,Начать инвестирование
recJbJdF4kus7Exxf,pokupatusloviyakh,Преобразовать капитал
recJs1PrDRFm81XU8,perevodkapitala,Капитал к росту
recKKBH4EH1RG3IHD,vlozhitdengi37,Начать с нами
recKxjP3W4fKOVxac,kakieinvestitsii7,Приступить к инвестированию
recL1o2fSCkmyWaom,investirovatbez,Приступить к росту
recL5msE0h8f7dCMG,vlozheniekapitala11,Начать путь
recLAs5xreBIJ7HiL,faktoryvliyayushchie,Создать портфель
recLiB02tpqbIfdms,investitsiismotret,Начать инвестировать
recLy7VVv33zBFqZq,samyenadezhnye,Управлять капиталом
recMHToURwrJWNCHk,dostupnyeinvestitsii,Начать с капиталом
recMJy1ODYQZfSC1M,vlozhitposle2,Стартовать уверенно
recORcPHYBgS32JYs,investitsiizamorozke,Начать защиту
recOTr4oQNmD4iM5b,semeynyykapital,Создать капитал
recOcEo9A6WN7vg9O,investirovatzpif4,Начать инвестировать
recOwZsUhGomgiTcd,investitsiibez1,Начать инвестировать
recPuDn85NH4bnkRh,investitsiivysokiy,Инвестировать с нами
recQKk9xWAiFKxPFm,investirovatposle1,Начать инвестировать
recQLtwitwim9oZU4,prodalkvartiru,Заключить сделку
recRLl5TzqGuEUi8l,rabotayushchiysposob,Управлять капиталом
recRvBFZi3vPjk0LZ,luchsheeprilozhenie,Инвестировать сейчас
recSRbunuiCmBJPwn,riskbankrotstva,Старт с нами
recSTq0ws7xDNc37u,kakieinvestitsii1,Начать с Finstar
recSV95UWseVoweiv,obespechitsebe,Старт пенсионных вкладов
recSvnrYBN0QEkI6b,otkrytzpif1,Создать фонд
recT3P96YMwtwO2b1,dolgosrochnyeinvestitsii4,Начать инвестировать
recTXsMNdT1K5GNLV,vlozhitmln12,Начать вложение
recUdX3CylxS2w997,vlozhitrealnyy,Начать с нами
recVFg55FMDPOxawH,protivvybrat,Начать с Finstar
recWGt3zLdMF9wdGR,kakieogranicheniya,Управлять капиталом
recWMu8ikhp2KkJni,luchshieprilozheniya,Старт Инвестирования
recX03h9oJGg9ndC5,poluchilnasledstvo,Инвестировать сейчас
recXhcWhzmTDI3N32,investitsiizrelom,Начать с фонда
reca6Oj1dD3aZvcYt,fondvozmozhnostyu,Начать с Finstar
recaFrlD2BnSI8KLl,nachatinvestirovat1,Приступить к делу
recaZ5g0NJLLvwNXx,vlozhitposle8,Укрепить активы
recbOJlZBx5zrHKXB,investitsiimln,Инвестировать сейчас
recc2PJAOAsoGwaTh,vlozheniekapitala17,Укрепить активы
recdC1xuDmeTfEIM2,investirovatnedvizhimost1,Начать с нами
recdZsJhRtxoHtjNr,nakopitmln,Инвестировать сейчас
recdaYwnSQq8IYfLK,vlozhitdengi1,Начать инвестировать
recdc8QRUPYJGc5Cf,obektybyudzhetnykh,Инвестировать сейчас
receJDs0k0odKVUhT,infrastrukturnyeinvestitsii,Открыть инвестпортфель
receM4AxOPfSl4Jdq,kakieinvestitsii13,Начать инвестировать
recehiUfePc17lmp5,investitsiinovoe,Начать инвестировать
receweKpZgSUTHFbF,vlozhitdengi7,Вложить с нами
recfmDodizIhpXjb0,investitsiistatus,Войти в фонд
recg1BKmYzKhLrkFl,vlozhitsredstva1,Начать инвестировать
recg21UDFXDsknMxP,konsortsiumzpif,Начать инвестировать
recg4IebcOH78zVJj,fizicheskiyobem,Начать с Finstar
recgHqbj2ZP9HXl1g,chistayainvestitsiya,Начать с нами
recgcBuephlSaSVLm,passivnyydokhod1,Приступить к инвестициям
recgcOgfij9a4jBxx,distsiplinainvestitsiyakh,Начать путь
recgwaSyQGZgNnnpv,vlozhitdengi31,Увеличить капитал
rech1uUhNXY97BhXA,investitsiizhiluyu,Начать инвестировать
recimfnXbg5w0FBuw,investitsiiosnovnoy1,Начать инвестирование
reciv0CA5trYIzs78,postanovlenieinvestitsii,Вложить уверенно
recjEAtyP6pFmBGXm,kupitpai,Начать инвестировать
recjKOTnF7hEh95kz,kvalifitsirovannomuinvestoru,Начать инвестировать
recjmntfuhXa4XSSF,gdekhranit,Начать с нами
recjnWqEeQtg0o5wx,investitsiipodtverzhdeniem,Стартовать сегодня
recjzBojPc5g2VATy,delatdengami2,Начать с нами
reclmMPKYWHAgRHsU,nalogiinvestirovanii,Начать инвестировать
reclwG8dewlqvsh3V,vlozheniefondy,Начать с Finstar
recmGncKVP1xQDT0b,prodalagentstvo,Приступить к вкладке
recnyoXIuJnr6yJjQ,investitsiirazvitie2,Начать развитие
recoUkqmpEGACWYtD,investitsiirublyakh,Начать инвестировать
recoYT6W8OdSQNHyk,finansovyeinvestitsii,Инвестировать
recpPirv0D4DWtXnY,dokhodnostrentabelnost,Начать инвестировать
recq5iQmo4fPpZLJP,bezopasnyeinvestitsii,Начать вложения
recrbi3PR76s5huaB,vlozhitzpif1,Начать путь
recsHOFwyi8Tpf6JD,vyytizakrytogo,Активировать плавный выход
recsSJ7dYdXLSVKnN,ekonomicheskoeobosnovanie,Присоединиться
rectwlNLzK0lvmE0L,prodazhazpif,Закрыть сделку
recuIO2i7dPVn9CAk,investiruyutprofessionalnye,Начать сотрудничество
recujbEhoOz3oX7yF,investportfelkapitalom,Старт с Finstar
recv6cjuxIwWO94aD,redkieaktivy,Начать свой путь
recvVGZEoc6vyv9DE,investirovatyuvelirnye,Начать инвестиции
recx9AQUWWJx5mqRB,ponyatievidy,Начать с Финстар
recxdwc6jmhDG4r96,otsenkarentabelnosti,Начать с нами
recyj1dntPXuzYTUW,byudzhetinvestitsiy,Начать путь
reczdXOuk8VGmlhjz,vlozhitkapital1,Приступить к инвестированию
reczoiREY6CZYxS87,optimizatsiyanaloga,Управлять капиталом