record_id,slug,template_auto
reckbiy2QrzdDhjBV,agentstvorazvitiya,template_1
rec2IZiOSdfrCni8s,aktsionernoeobshchestvo,template_2
recAeYJC07lT62jxT,aktsiyayavlyaetsya,template_3
rec3WHHjr0r3qEitQ,alternativavkladu,template_5
rec43Z59zUiy7QMP5,alternativnyeaktivy,template_6
reclmgBIJ6iqRg8Zm,analizeffektivnosti,template_1
rec5RsXVUZ6Z9eFVf,arendnyydokhod,template_3
recGTbiFF1KLCIbdQ,avtomaticheskoeinvestirovanie,template_4
recwT7SgOJOZr6vHm,bankiinvestitsii,template_5
recq5iQmo4fPpZLJP,bezopasnyeinvestitsii,template_6
recH4X85WRG3krUq8,bezopasnyevlozheniya,template_1
rec2aZyUN8jvQQf4l,bezopasnyevlozheniya1,template_2
rec201tGq9HSBKVYR,brokerkvalifitsirovannykh,template_3
recZVoFBlUXMH3Be3,budetzpif,template_4
recyKdAgmjE7tSvnD,budushchayastoimost,template_5
recyj1dntPXuzYTUW,byudzhetinvestitsiy,template_6
recpAVmPaLChG7pC6,byudzhetnyeinvestitsii,template_1
recWiYHD25gTSAc8W,chegonachat,template_2
rec4CtrlygG0GkiTx,chegonachat3,template_3
recXLzQlLxOWzgKUt,chempomogayut,template_4
recOvq8F6Wd97vkdp,chemzaklyuchaetsya,template_5
recgHqbj2ZP9HXl1g,chistayainvestitsiya,template_6
recRN6gNVLIxqI2ds,chistayaprivedennaya,template_1
recaMyYVw6Lckvlgu,chistyeinvestitsii,template_2
recaaX3J2gp8VjTbk,darenieinvestitsionnykh,template_3
recopi236227PTtyT,delatblokirovke,template_4
recZnS6yuabp0T0OE,delatdengami,template_5
recjzBojPc5g2VATy,delatdengami2,template_6
rec6kix2xCj8piMhm,delatesli,template_1
recTMhXJVJuo4pAGv,delatesli1,template_2
recQPJ82jsrFu1A44,delatnasledstvom,template_3
recRSvwhhj9AkOInu,departamentinvestitsiy,template_4
rec5RRcAALzRUnof3,diskontirovannyypotok,template_5
recgcOgfij9a4jBxx,distsiplinainvestitsiyakh,template_6
recg8duxgslYcikSn,diversifikatsiyaportfelya,template_1
reckdAhLo4ku3EU4Q,dobavitportfelyu,template_2
recNC1ddR9R7CDtqu,dobavitzpif,template_3
recaBsx3qA3asI5KC,dogovorzpif,template_4
recpPirv0D4DWtXnY,dokhodnostrentabelnost,template_6
recLyYV0TEuQAU1uQ,dokhodnostzpif,template_1
recKpzivUvXz1EeXT,dokhodnostzpifov,template_2
rectjs2Sge8CGQrsJ,dokhodsvobodnoe,template_3
rec3CXyXbitMjl8wo,dolgosrochnyeaktivy,template_4
reck4WpDGjyzVj2xs,dolgosrochnyeinvestitsii,template_5
recT3P96YMwtwO2b1,dolgosrochnyeinvestitsii4,template_6
recHzMK5rBcIeot64,dolgosrochnyeriskovye,template_1
rec8k12WeD4jrpUm3,dolgosrochnyetseli,template_2
recNB3UGsjDnB0Dtn,dolyainvestitsiy,template_3
recPWBf2FoFL9LUqs,dopolnitelnyybiznes,template_4
recbLEOmmuo95iQ1U,dopolnitelnyyistochnik,template_5
recMHToURwrJWNCHk,dostupnyeinvestitsii,template_6
recaOiXvOCWrlgP0A,doveritelnoeupravlenie,template_1
recaECD7Xi5CQIsem,dumatinvestor,template_2
recOpzKbu6iX315yX,effektivnostinvestitsiy1,template_3
reccAHpgiatp59N6B,ekonomicheskayasushchnost,template_4
recNOxS3EcnXk45Do,ekonomicheskiefinansovye,template_5
recsSJ7dYdXLSVKnN,ekonomicheskoeobosnovanie,template_6
recCzyi0ZkTx5NDkI,ezhemesyachnoeinvestitsii,template_3
reczCZ4vJdHMIMjIr,faktoryizmeneniya,template_4
recnYfRfQDlvFOu7s,faktoryrazvitiya,template_5
recLAs5xreBIJ7HiL,faktoryvliyayushchie,template_6
recfmMWA148iI8Xb2,federalnyyzakon,template_1
recxcfTGBPSGXBPn5,finansovayastabilnost,template_3
reczJoPHiJbdrzq1b,finansovayazashchita,template_4
recoYT6W8OdSQNHyk,finansovyeinvestitsii,template_6
recxeDmzoOobWVD6c,finansovyeinvestitsii1,template_1
reczYY7g3TgzE2Yhr,finansovyeinvestitsii2,template_2
recOqFc8qrqDQxsP1,finansovyykonsalting,template_3
recchkv8gZAeVRB1A,finansovyyplan,template_4
recD9z63co3C7AL7M,finansovyyplan1,template_5
recg4IebcOH78zVJj,fizicheskiyobem,template_6
reczUlOj4iHLFdU7z,fonddokhodnostyu,template_2
recFOiwaX8ryh7KXL,fondgarantiey,template_3
receHApuxRnp972rx,fondobespecheniem,template_4
recjgY4JiIYb3HIl3,fondpod,template_5
reca6Oj1dD3aZvcYt,fondvozmozhnostyu,template_6
recZfGP7ztLzrkQYV,fondynedvizhimosti,template_1
recBt9iPOgMyP1jlS,formirovatkapital,template_2
recfT3otFhKHK0LO8,formykapitalnykh,template_3
recCzcV3AmsDbhmgQ,forumyinvestitsiyam,template_4
recAcj4906nLq703w,garantirovannyeinvestitsii,template_5
recjmntfuhXa4XSSF,gdekhranit,template_6
reca1fRi2HX8NKtik,gdenauchitsya,template_1
recnfYcpxIMzfyig6,gdeotkryt,template_2
rechkzzDoYRLrUzhv,gdevyshe,template_3
rec9xEpyaoqBCAPXQ,godokupaemosti,template_4
recBgCDFAnLvr0G2s,grafikvyplat,template_5
recYCJqeqy8vgfkgj,ideivlozheniya,template_1
rec1OglPLe3NecZkr,iispensii,template_2
recrGUJFiOX6yt9MO,imushchestvennyeinvestitsii,template_3
recz7oTm7fdwJjrun,imushchestvozpif,template_4
receJDs0k0odKVUhT,infrastrukturnyeinvestitsii,template_6
recm6HE6bjpx9z5xA,instrumentyminimalnym,template_1
recUy4LLfGwkCOD9r,instrumentyprofuchastnikov,template_2
recqbYR18qGTKueZq,investirovaniepensionnyy,template_3
recL1o2fSCkmyWaom,investirovatbez,template_6
reci2HqKdoK6QJesq,investirovatbiznesa,template_1
recuALqA2WiJ1iVD1,investirovatcherez1,template_3
recbF36eCVUM8JXzc,investirovatcherez2,template_4
recP5zzLwh2GIIyYf,investirovatcherez3,template_5
rec9J7tvNbVQ5SnlG,investirovatcherez4,template_6
recck8ifKiFzqlr98,investirovatchernyy,template_1
rec0Ran3hV8aHIEA2,investirovatchtoby,template_2
recgvC4G5r95juigK,investirovatchtoby1,template_3
rec7Q56MatvO9rGCY,investirovatchtoby2,template_4
recSlPetcDeHgpwCo,investirovatdengi,template_5
recXd3K4cUNZgP9Rn,investirovatfond,template_3
rec6JObxsUfgjdthl,investirovatfond1,template_4
rec1b92IWMpl9YC3K,investirovatinnovatsii,template_6
reco7r9oD9ZYTP3wE,investirovatkolebaniyakh,template_1
recpz25enKjSFktGv,investirovatkontsa,template_2
reczV1FATuMPASXyL,investirovatkopit,template_3
recMJIgyXLaDQ2XxD,investirovatmodeli,template_5
recdC1xuDmeTfEIM2,investirovatnedvizhimost1,template_6
recagNPBGMMlwi6Zg,investirovatnedvizhimost19,template_1
recktDYtxeK3t8n8H,investirovatnestabilnosti,template_2
recScAeaqluFBhb23,investirovatpensioneru,template_3
recHgboZS6qaBlFZK,investirovatpoluchennoe,template_4
rec7g1io4qnkW4Qew,investirovatposle,template_5
recQKk9xWAiFKxPFm,investirovatposle1,template_6
recgCwIjuF20Q9TeL,investirovatposle2,template_1
recAm4gCszItO4KJo,investirovatproverennyy,template_2
recfgWFTNIFEsah1h,investirovatroditelyam,template_3
recZCWtS9UVi8Cq1X,investirovatrossii,template_4
rec94DnaNuqzX8iQw,investirovatrossiyskiy,template_5
recFovyFhWldq8PVf,investirovatrossiyskuyu,template_6
recZEABEWuvyx9zZ2,investirovatvladeltsu,template_4
recWqG6KxVVfzO9hB,investirovatvysokoy,template_5
recvVGZEoc6vyv9DE,investirovatyuvelirnye,template_6
rec8tJCL5zmR4d9OK,investirovatzpif,template_2
recL6CuqAB0hh54cF,investirovatzpif1,template_3
reclEFkTYxw5Maa7K,investirovatzpif2,template_4
recMOkU0dKlWLqxBn,investirovatzpif3,template_5
recOcEo9A6WN7vg9O,investirovatzpif4,template_6
recgidNdrn9oVm0vj,investirovatzpif5,template_1
recUMgXT6QFv8qzOf,investirovatzpif6,template_2
rectDtwPKOx4CA8XY,investirovatzpif7,template_3
recGC1KTLAmULoRfu,investiruyudobavit,template_4
recSoqeWCftoyKwne,investiruyutposle,template_5
recuIO2i7dPVn9CAk,investiruyutprofessionalnye,template_6
recIE3ZGBNqCyWBzq,investiruyutprofessionalnye1,template_1
recfBdzmK31izmK5q,investitsii1,template_2
recFdKNUh2EmS8eYL,investitsii2,template_3
recoSHLvEuhdzYIxW,investitsii5,template_4
recqOhwgDbEqLC9nG,investitsii7,template_5
recOFlCQWGg6qPCW0,investitsiialternativa,template_2
rec7lHTMojAvIfp80,investitsiibanke,template_3
recz6CMlkaHVk1pMi,investitsiibankovskie,template_4
recKaXClo2SFxlsI5,investitsiibez,template_5
recOwZsUhGomgiTcd,investitsiibez1,template_6
recsUEqxoaYy00Vy4,investitsiibez2,template_1
recPCHBaOZABI4ES5,investitsiibez3,template_2
recEkWCuR6iEyMP9w,investitsiibez4,template_3
recWEDKRqmWQMvOp1,investitsiibirzhi,template_4
recia42RqIfceimJT,investitsiibiznes,template_5
rec7D3AyCs3PedqFG,investitsiibudushchee,template_6
recco4VVBhlz0Gzp6,investitsiibudushchey,template_1
recg9Ylo4PrMn9beP,investitsiichastnogo,template_2
recz6TKCOlrprVxvm,investitsiidenezhnye,template_3
recTb6eW0oDSYXVgq,investitsiidenezhnye1,template_4
recaioKgM5vgrBhG4,investitsiidokhodnostyu,template_5
recKQK1ulkyAByEZ9,investitsiidomokhozyaystv,template_1
recBekmSL0y8f1n85,investitsiidrugie,template_3
recVh3sMyeTaeMgrP,investitsiifinansovoy,template_5
recaAcT9rrFRHXjRX,investitsiifunktsiya,template_1
recLmoD7hg6VjSboI,investitsiigarantirovannoy,template_2
recRxHm25Ym1I5TMY,investitsiigodu,template_3
recBEIvmPhX7krrad,investitsiigorizontom,template_4
rectxpAJOtN81CEDD,investitsiiigrat,template_1
recnjhOe1YyWUsp10,investitsiiimeni,template_2
recgPcs9j9ncj9Bwh,investitsiiinstruktsiya,template_3
recrYpivtLHZQOfa3,investitsiiinvestitsionnye,template_4
recsCF4ar7P3H7atR,investitsiiinvestitsionnyy,template_5
recF5KrFHpunAQ2I6,investitsiilet,template_3
recbOJlZBx5zrHKXB,investitsiimln,template_6
recXHLqF1TkILZhcL,investitsiimsp,template_1
recfvZLiF9ILaHK0N,investitsiinachinayushchikh,template_2
recAimVQGqpQTzLnl,investitsiinatsionalnyy,template_3
recN1rJX9jrCnvzBO,investitsiinedvizhimost,template_4
recpU9w0cuXv1d7Qy,investitsiinedvizhimost1,template_5
recehiUfePc17lmp5,investitsiinovoe,template_6
recvh6kS2BnTg2Flb,investitsiinulya,template_1
recv5MPa8EeLVkAL7,investitsiiobrazovanie,template_3
rec9FlOI4A8htld1O,investitsiiobuchenie,template_4
recsTBGZloC4Eraxr,investitsiiosnovnoy,template_5
recimfnXbg5w0FBuw,investitsiiosnovnoy1,template_6
recU2U5TXXKQ1Xz0N,investitsiiotzyvy,template_1
recXZA4a2QoTbky9W,investitsiipensionnogo,template_2
rec6OZQjVg0zAoNtW,investitsiipod,template_4
recjnWqEeQtg0o5wx,investitsiipodtverzhdeniem,template_6
recivLzGAybmtX4RT,investitsiipokupka,template_1
recaNTDEDjytqnGF0,investitsiipolucheniya,template_2
recFjuwlPLPQW0X6Y,investitsiiposle,template_3
recUQriUejxP8oxr1,investitsiiposle4,template_4
recplxRKXTbBCUxKX,investitsiipozhilykh,template_5
rectygAU4sL3eTNYL,investitsiiproizvodstvo1,template_1
recT9H7wDbYyHApdp,investitsiiprotsenty,template_2
reczhrxTLormmfUdQ,investitsiirabotayushchego,template_3
recxKft3gY2A43JCk,investitsiirazvitie,template_4
recYUdntsTTNbNMHE,investitsiirazvitie1,template_5
recnyoXIuJnr6yJjQ,investitsiirazvitie2,template_6
recbveUYYqm3Pc1w4,investitsiirealnye,template_2
recdZbjErWYmhdlNb,investitsiirealnyy,template_3
rec1tKyXz1schTDSC,investitsiiregulyarnymi,template_5
rec1zFZbDdSS1GAdF,investitsiirossii,template_6
rec1ybJAZhy64iinI,investitsiirossii1,template_1
recYlSiNNsRpHCY00,investitsiirossiyskoe,template_2
recoVSvSrMkSlacpy,investitsiirossiyu,template_3
rectzlDkwASnxUt6j,investitsiirossiyu1,template_4
reckKqmmpivJmYhm9,investitsiirubley,template_5
recoUkqmpEGACWYtD,investitsiirublyakh,template_6
rec4ArF7mRvKuVPkH,investitsiisanktsiyakh,template_1
recrqKWUfx5dkOLow,investitsiisanktsiyakh1,template_2
recdQIA30rbcUymoK,investitsiisemi,template_3
recdcrh3oFHhZCFjq,investitsiisluchay,template_5
recLiB02tpqbIfdms,investitsiismotret,template_6
rec2VelPygkUSDhFS,investitsiisnizhayutsya,template_1
recmUZ83zxr2fP3bv,investitsiisnizhenie,template_2
recz3ytf3tUjb20Iq,investitsiisredstva,template_3
recWyTkxkiUuNzutj,investitsiistabilnye,template_4
recfmDodizIhpXjb0,investitsiistatus,template_6
recHnhsLm0tWnxvKT,investitsiitrudovye,template_3
receBxEt5BEyJpN0j,investitsiiuchetom,template_4
recNlxGFuHhyapBDF,investitsiiuchrezhdeniya,template_5
rec5T5mWBc5bROZdL,investitsiividam,template_6
recYu0tKXBuiQEtmi,investitsiivladeltsev,template_1
recEcYYN7ZnpdAuzg,investitsiivmesto,template_2
recccZOt4DFdGMLQM,investitsiivmesto1,template_3
recqVK9irX9Mjf0aZ,investitsiivozmozhnostyu,template_5
recPuDn85NH4bnkRh,investitsiivysokiy,template_6
recS8rWCNxINZjJ1B,investitsiivysokoy,template_1
recmbmkVA5qaCql85,investitsiizaklyuchenie,template_3
recILJ7BWRsz5Tjea,investitsiizakrytye,template_4
recCUM8nyQz7Hgj3e,investitsiizalogovye,template_5
recORcPHYBgS32JYs,investitsiizamorozke,template_6
recOo6ah3bkwhAv6S,investitsiizanimayut,template_1
rech1uUhNXY97BhXA,investitsiizhiluyu,template_6
recbQesSL9A8FC1iI,investitsiizpif,template_1
recTWKVAz0XTx8ffY,investitsiizpif1,template_2
recTmuXtbZSze0R1q,investitsiizpif2,template_3
recV9H09Wd25b6the,investitsiizpif3,template_4
rec48ZUPNJCUS90Dr,investitsiizpif4,template_5
recXhcWhzmTDI3N32,investitsiizrelom,template_6
rec8cph2mRIab4nlH,investitsionnyefondy,template_1
recFQF4902TkpukBo,investitsiyachitat,template_4
recEgEXBl5kHKtUHi,investitsiyamotnosyatsya,template_6
recZccyjM8X8o0AYV,investitsiyapartnerstvo,template_1
recaz9FEbYLtynp6p,investitsiyrazvitiya,template_3
recHRrrMeHWM9jGtu,investkluby,template_4
recz5i9SLUPtcv7fL,investportfelgod,template_5
recujbEhoOz3oX7yF,investportfelkapitalom,template_6
rec4eaTu7Ko5MHF6M,ishchuinvestitsii,template_1
recSPCum2ZLb0wo6P,ispolzovaniezpifov,template_3
recW45G3rcgYvsQnL,ispolzovaniezpifov1,template_4
recpdgbyo8NxFmgl2,ispolzovatzpif,template_5
recBvXxOoI30XcS9n,ispolzovatzpif1,template_6
rec4wWaTCZ2UBDDuW,ispolzovatzpif2,template_1
recFm7fQ6lkAWj41U,ispolzovatzpif3,template_2
rech9JM4JDxFB8Vpy,istochnikiinvestitsiy,template_3
recq1Wvkqf4xoxmE1,istochnikipassivnogo,template_4
recLoxcHiiFQb5g2z,isuinvestitsii,template_5
rec1KykBf6iwIXBHe,kakayadokhodnost,template_6
rec3MJedYFxAAaKkr,kakayazashchita,template_1
recN8E3z8u6FZZ5C2,kakiebyvayut,template_2
recUI9Yl5pGlp5XvD,kakiedokumenty,template_3
recMUcykT2WzEhkPD,kakieinstrumenty,template_4
recrrlLIBPBZlQdZr,kakieinvestitsii,template_5
recSTq0ws7xDNc37u,kakieinvestitsii1,template_6
recWlJUpk6Ku7oUB3,kakieinvestitsii2,template_1
recV83KoQ6dsGPMsS,kakieinvestitsii3,template_2
rec55oQVKQ6HKI2rF,kakieinvestitsii4,template_3
recWgnRNiZQN1eP5R,kakieinvestitsii5,template_4
recU7icgXTbYTWonf,kakieinvestitsii6,template_5
recKxjP3W4fKOVxac,kakieinvestitsii7,template_6
reckEXcy376hr3H1Q,kakieinvestitsii8,template_1
recorHPWNnIEU7tdE,kakieinvestitsii9,template_2
rec7x0uS1n8hf6gKp,kakieinvestitsii10,template_3
rec9XLMKIgE6N6kPf,kakieinvestitsii11,template_4
rec2FVAfW7p8ulpDW,kakieinvestitsii12,template_5
receM4AxOPfSl4Jdq,kakieinvestitsii13,template_6
recBNtLkwb76cBbWn,kakieinvestitsii14,template_1
recWrUrMp7V4scT42,kakieinvestitsii15,template_2
recrqxgppTyagz1l9,kakieinvestitsii16,template_3
reccArnR7XQ4cFtxT,kakieinvestitsii17,template_4
recdx9VeUaleZmaut,kakieistochniki,template_5
recWGt3zLdMF9wdGR,kakieogranicheniya,template_6
recGGtVfupYG6xFZz,kakieusloviya,template_1
recy5MiHCjkYONRHr,kakiezpify,template_2
recQFRmVX1nzhoDiY,kakiezpify1,template_3
recMudPyJCmyJPVgP,kakiezpify2,template_4
recZfM6ycEvkkoj9n,kakoybroker,template_5
recDLVVBCGrJKDMOO,kanalypro,template_6
rec6EojVHG8ve9H8k,kogdavyyti,template_1
rec1W0gWZrciS2mB4,kogdazabrat,template_2
recnwGPOQEChM2RnR,kompaniyaupravleniya,template_3
recOhNhNcS16GBS43,konservativnyestrategii,template_4
recuaY6JxnK17ia9f,konservativnyyportfel,template_5
recg21UDFXDsknMxP,konsortsiumzpif,template_6
recfbctNwEwBJ1s6R,kreditnayafinansovaya,template_2
recfi04tJi2xe3lO7,kupitaktivy,template_3
recXMYyBjqFVfdciD,kupitchtoby,template_4
recjEAtyP6pFmBGXm,kupitpai,template_6
recAmHOEOdXVwbCnx,kupitpai1,template_1
recbKzh4FlgWxiKWm,kupitpay,template_2
recpubKacl4VERUwy,kupitpay1,template_3
recXF1gJlErQMHvlM,kupitzpif,template_4
recjKOTnF7hEh95kz,kvalifitsirovannomuinvestoru,template_6
recRXARANvvBt68Fc,lgotyinvestitsii,template_1
rec4u1qqTmClQmyFW,lideryinvestitsiy,template_2
reckdvXXCDwjpijJI,likvidnostpaev,template_3
recubvgcftUlBrkEg,likvidnostzpif,template_4
rec5rpNLyn8MK6UH2,luchsheaktsii,template_5
recRvBFZi3vPjk0LZ,luchsheeprilozhenie,template_6
recdfE5OQuFNKPh8L,luchshepif,template_1
recr3E81TFFkvRy7O,luchshestrakhovanie,template_2
rec0bdmcXenBylvfT,luchshiefondy,template_3
recpiriJVLDQI1XzL,luchshiefondy1,template_4
recFcp4qhZSLcUDCW,luchshieinstrumenty,template_5
recBDOJb3gItWHdar,luchshieinstrumenty1,template_6
recCsw8gbMhIJ57ZA,luchshieinvestitsii,template_1
recdjeqIsSJvVKHcU,luchshieplatformy,template_5
recWMu8ikhp2KkJni,luchshieprilozheniya,template_6
rec0wtiuM2tzEsTdh,luchshiestrategii,template_1
recXx02Cjzhz0AOWj,luchshiestrukturnye,template_2
recv7wNebtKDgeN9P,luchshievarianty,template_3
rectW0oAnvMuU9YAo,luchshievlozheniya,template_4
recde34Xc69emM1Hf,luchshiezpify,template_5
recPf3SqrTguw8bsH,mestnyeinvestitsii,template_1
recK77Ld43S1BMvYb,metodyfinansovoy,template_2
recB8TdgDPhlGz9H4,nachatinvestirovat,template_5
recaFrlD2BnSI8KLl,nachatinvestirovat1,template_6
recQln6Lslf1cgmRS,nachatinvestirovat2,template_1
recAnr3eFKMTwcoqt,nadezhnyeinvestitsii,template_2
rec86ipISqrgMgFBq,nakopitdom,template_3
recTY1hWAC38hxWeB,nakopitdom1,template_4
reciKrBvopJ18ILiW,nakopitmashinu,template_5
recdZsJhRtxoHtjNr,nakopitmln,template_6
recogdD0e26IlxGUM,nakopitotpusk,template_1
recXcavBYhAa3RFxR,nakopitstartovyy,template_2
recktqv18Lk7nzxFS,nakopitsvadbu,template_3
recgropuK3MPTQIFi,nakopituchebu,template_4
reckWKvd4n5N3dKIQ,nakopleniyainvestitsii,template_5
reclmMPKYWHAgRHsU,nalogiinvestirovanii,template_6
recvJdTNtNUItB0nN,nalogiinvestitsii,template_1
recqQeUVqzUi6SeNk,nalogiinvestitsiy,template_2
recZ6ZS7YH836L4cU,nalogipaev,template_3
reckD0iDgzIBYCwfv,nalogipribyl,template_4
recwGnQunWfxLcGe0,nalogivykhode,template_5
rec1UOi4v17qREQ7s,nalogooblozhenieinvestitsiy,template_6
rec3A5b8wCccOe6VE,nalogooblozheniepaev,template_1
recq1mKn7quWhWNSd,nalogooblozheniezpif,template_2
recJv1V9SNWL87yzA,nalogovayazashchita,template_3
recs1ox1eYXfHqNA2,nebolshieinvestitsii,template_2
reco2H5fHbgxtHAJe,nuzhnoznat,template_4
recLF5pgwfM8o7maW,obedinitdokhod,template_5
recdc8QRUPYJGc5Cf,obektybyudzhetnykh,template_6
recIrlWf4u6PELNS3,obeminvestitsiy,template_1
recpiOkNsiJRWLs7D,obeminvestitsiy1,template_2
recP2VQroiTsWpLyU,obemyrealnykh,template_3
recgp8WIDn4FKPdXg,obespecheniezashchity,template_4
recZDmNq4lScW0Mgk,obespechitbudushchee,template_5
recSV95UWseVoweiv,obespechitsebe,template_6
rec9gRrUzOOP5lsFd,obezopasitvlozheniya,template_1
rec3S6e7lvIO9208c,obligatsiiprotiv,template_4
recNgHsuwj2dEerTI,obligatsiivklad,template_5
recHhxxCiON4UIasu,oblozheniedokhodov,template_6
recC2uVdVlJR5Fc0z,obyazatelstvainvestitsiyakh,template_2
recbAIXGMwRuJd2VL,obzorfondov,template_3
recXNkvMh7FqlTcLG,opredelitdokhodnost,template_5
reczoiREY6CZYxS87,optimizatsiyanaloga,template_6
receZpUn7nTXZ93qS,oshibkinachinayushchikh,template_1
recCP4KGaTVmmjcDw,osnovnayaforma,template_2
recfuSMb75AKa84cn,osnovnyesostavlyayushchie,template_3
rec2MjFfKtd6adENp,osnovnyesubekty,template_4
rec0tXAAFNdKVUZoK,otchetinvestitsiyam,template_6
rec94Vr37DhM3hQgy,otkrytiezpif,template_2
recs9HZh8gZ1GbOKr,otkrytinvestitsionnyy,template_3
recjMzwaR2GZ6A6NC,otkrytschet1,template_4
rec816thZD5EKffA9,otkrytzpif,template_5
recSvnrYBN0QEkI6b,otkrytzpif1,template_6
recer6DYciljKerpT,otkrytzpif2,template_1
rec1B3A1Ugw6mOZ1L,otkrytzpif3,template_2
recaG86iWsKHO0gzs,otkrytzpif4,template_3
recy7iX6LFHC8WzET,otnositelnoinvestitsiy,template_4
rechvhLgCxiJrzD4A,otsenkaokupaemosti,template_5
recxdwc6jmhDG4r96,otsenkarentabelnosti,template_6
rec5y7HkAWCfJhIK8,otsenkariskov,template_1
recFhpJgE3XI017Ev,paevoyinvestitsionnyy,template_2
rec1d6RXRYJh5G6Xf,paevyefondy,template_3
reccktvCbuKeZI5nG,panikovatrynke,template_4
rec0pYfsLvYldjrgh,passivnyydokhod,template_5
recgcBuephlSaSVLm,passivnyydokhod1,template_6
rec2ODk1mbI7ebeCr,pensionnyeinvestitsionnye,template_1
recD9AZCN9xhW8kTK,peredachakapitala,template_2
recVJ5fkVasi2St2z,peredataktivy,template_3
reco1L3z5ittcEndw,peredatzpif,template_4
rec5FKQpQWlUwlPGx,perevestiaktivy,template_5
recJs1PrDRFm81XU8,perevodkapitala,template_6
rececGfJDnA4EXD30,perevodyatkapital,template_1
rec1oeQkdcrKPBM09,pereytipifa,template_2
recYIRodknvv02z0n,pifiis,template_3
recCBcnvcJAjIHoOj,pkodolgovye,template_4
recsO531V86BaOgyt,planinvestitsiy,template_5
recCsc2TXQR64obxJ,planovyeinvestitsii,template_6
recaCSTnH5uvqCxvZ,planpensiyu,template_1
recE7tcnE4MykI3Kb,planprivlecheniya,template_2
recyXAn6wMZdnSvIG,plyusyminusy,template_5
rec2xasoOLnIoUzrS,podderzhkarealnogo,template_6
rec0esOZNPyu1ZhQU,pokazatelieffektivnosti,template_1
reczTR3CJJxUxIrzj,pokazatelifinansovykh,template_2
rec3Tteg9yA0sNVdx,pokazatelinvestitsii,template_3
reccLVqg2XuD0eWwW,pokazatelirascheta,template_4
recIPfhk6gDMq1x1E,pokupatpai,template_5
recJbJdF4kus7Exxf,pokupatusloviyakh,template_6
recZlk4Pbl5HvmoHO,pokupayutkvalifitsirovannye,template_1
recaTKf2YsseUjnXd,pokupkakommercheskoy,template_2
rec7xwrtibiMOswPh,politikainvestitsii,template_4
recT5IduUfMonkPDf,poluchatdokhod,template_5
recX03h9oJGg9ndC5,poluchilnasledstvo,template_6
recO39rXFQN0Jy7Ut,poluchitdokhod,template_1
rec4MKYC6h4jzVZYD,poluchitdokhod1,template_2
recz6PXCe8yRCRwkM,poluchitdokhod2,template_3
rec9HW5lBR6ymMW9B,ponyatfondovyy,template_4
recfyxg2fSFBVEgZU,ponyatietermina,template_5
recx9AQUWWJx5mqRB,ponyatievidy,template_6
recXDnrjjrSOXvx6m,portfelkvalifitsirovannogo,template_2
recMd5U06CQz4q0YH,portfelnyminvestitsiyam,template_4
recfIJUGVyCSeyftR,posleprodazhi,template_5
reciv0CA5trYIzs78,postanovlenieinvestitsii,template_6
recBeZ3udGTYJ4AOr,potrebitelskieraskhody,template_5
rec3Kz8GYIxb2ZMnz,pravilazpif,template_6
recY26WZNVM3czVCC,predostavleniebyudzhetnykh,template_1
recnenKKd6IlcC4T8,pribylnostinvestitsiy,template_2
recJyFKkDiqvFXddd,prichinyrosta,template_3
reccjHIhhckSsnfJ7,prinositdengi,template_4
recMCOITjqPJBwzHP,privlekatelnostinvestitsii,template_5
recmGncKVP1xQDT0b,prodalagentstvo,template_6
recHAkdzXgbxaWwwB,prodalbiznes,template_1
reclk1fAm94NQFoY3,prodalbiznes1,template_2
recv887IYeRVOcytL,prodaldolyu,template_3
recfdrMlOEa1scmud,prodalkompaniyu,template_5
recQLtwitwim9oZU4,prodalkvartiru,template_6
rec024riAcl6t1Udy,prodalkvartiru1,template_1
recXrbCV8fLuii6Fl,prodalmashinu,template_2
recMMNs7VGaVqd41I,prodaluchastok,template_3
recChN3R1auESyrih,prodatpai,template_4
rectwlNLzK0lvmE0L,prodazhazpif,template_6
recRr0Lb751FjLaoK,proektypod,template_1
recVZWyRM8pZ1PCy1,progressinvestitsii,template_3
recVvAvY3I7RZ9DMT,proiskhoditvykup,template_4
recMaa6omON392aq8,prostyeinstrumenty,template_5
recVFg55FMDPOxawH,protivvybrat,template_6
recqH8I358Qx2Zzqu,pryamyminvestitsiyam,template_1
recizXcuQeQ78FHZj,pulsinvestitsii,template_2
recV0klNDVSJ7SE7u,rabotaetsemeynyy,template_3
reczCkjtPgxJ6S5Sn,rabotaetstruktura,template_4
recwPz6sfzFyCPlGC,rabotaetzpif,template_5
recRLl5TzqGuEUi8l,rabotayushchiysposob,template_6
rec6vsDFoxqwHXsuH,raschetfonda,template_1
reckqp1Zm0mDeBiqm,raschetvalovykh,template_2
recwiU9nNUF7r7n2Z,rasshirenieinvestitsionnogo,template_3
recQmAv0ugnOUeToz,rasshireniestruktury,template_4
recv6cjuxIwWO94aD,redkieaktivy,template_6
rec2X0h7YT1zDxYzu,reestrfondov,template_1
recEN6UYtW8htf2zA,refinansirovanieproektov,template_2
recdUhCZLMWifiUs2,registratsiyafonda,template_3
receBfqb0UCnWLfzs,reinvestirovaniepribyli,template_4
reclnu1iLvpJpTKme,reinvestirovatdokhod,template_5
rec5NOXkzzcN9uxG4,reinvestirovatdokhody,template_6
recUN6OApuB4bOF2l,reinvestirovatdokhody1,template_1
rectfNi1wl2HKEJRt,reinvestirovatdokhody2,template_2
recVUl9vyYbOKhYRR,reinvestirovatkapital,template_3
recwTZ1ViBRW2Lhuw,remontinvestitsii,template_4
rec08vY4EAJKyicWN,reytingzpifov,template_5
recSRbunuiCmBJPwn,riskbankrotstva,template_6
rectP4f6msgSPg1SB,riskizpif,template_1
recnpsxb8WLK20J5t,riskizpifa,template_2
recouSbxztGdg5ul2,riskovannyeinvestitsii,template_3
recPb8eO0CPQ45rKi,rukovodstvoinvestitsiyam,template_4
reczD3j9yBMZC8FQu,samyebezopasnye,template_5
recLy7VVv33zBFqZq,samyenadezhnye,template_6
recLWGIHWDg1Ic1de,sanktsiiinvestitsii,template_1
recYFxNlB0Ud7WgX1,sbalansirovannyyinvestitsionny,template_2
recAlhlJICThBazgM,schetbanke,template_3
recXPA6ANmlDzc2ej,sdelkizpif,template_4
recoW02HPVsIXvHj6,semeynoeupravlenie,template_5
recOTr4oQNmD4iM5b,semeynyykapital,template_6
recKQTYaSMfGuupaA,sferadeyatelnosti,template_1
reccFU99spAfmEFCm,sformirovatkapital,template_2
recZv8BH2zfRVtiOM,skolkozarabatyvayut,template_3
rec1KPCNpdjNpIg96,sleditzpif,template_4
rec7oXeDKU4FUy3Pi,sluzhbafinansovoy,template_5
recJNNzsqwjF30E87,snizhenieobema,template_1
recxAKiYeGZcX21js,sobratportfel,template_2
recao1lxYiJv5lKhd,sokhranitdengi,template_3
recuKhRborzWLB4YL,sokhranitdengi1,template_4
recFTu6Vm63Q2cfTk,sokhranitdokhodnost,template_5
reclwG8dewlqvsh3V,vlozheniefondy,template_6
recFR41vH6Rk1UDq8,vlozheniekapitala,template_1
recY6IIooKJTODppm,vlozheniekapitala1,template_2
recSW9ie8VGyws1cH,vlozheniekapitala2,template_3
recsmh83bKaxYgrob,vlozheniekapitala3,template_4
rec4AgwOvcGMr9j9d,vlozheniekapitala4,template_5
rec6UeiyPQiJMpfP1,vlozheniekapitala5,template_6
recvFOHGrZjgwAkTu,vlozheniekapitala6,template_1
recaA1rHhAyduBmsF,vlozheniekapitala7,template_2
rech8yVHoycNmeIIV,vlozheniekapitala8,template_3
recIQyGzpsXLnx3IC,vlozheniekapitala9,template_4
rec3WzaH8mIsn2ZoX,vlozheniekapitala10,template_5
recL5msE0h8f7dCMG,vlozheniekapitala11,template_6
recEfElAEMQcKDOz0,vlozheniekapitala12,template_1
recE8tJ7ZYzLNfMR7,vlozheniekapitala13,template_2
recKQ0LHiAtAkJjBC,vlozheniekapitala14,template_3
rec1ZdrGWNllSt4Tx,vlozheniekapitala15,template_4
rec0dzkUbZFRarh5u,vlozheniekapitala16,template_5
recc2PJAOAsoGwaTh,vlozheniekapitala17,template_6
reckaPYIefaJdr8vN,vlozheniekvalov,template_1
recKXKsc0gvZmqww9,vlozhenieposle,template_2
recC3Im1dez1wyirF,vlozheniesredstv,template_3
reciXzPbPct5XYhio,vlozheniesredstv1,template_4
rect5G3c02Ihdd0jf,vlozheniestartap,template_5
recllEiUWfDNrjoFs,vlozheniyacherez,template_2
recYC6RMA4poNwx2E,vlozheniyagarantirovannoy,template_4
recxqc33iVzXH9wiD,vlozheniyavremenno,template_5
recIN9l0pk5RQyX59,vlozheniyazagorodnuyu,template_6
recewUOneAilajsrn,vlozheniyazpif,template_1
recmbpHV2WHAEFYuT,vlozhitchtoby,template_3
reco7hNc295gWhGsv,vlozhitchtoby1,template_4
recvHc0W9wWlAoCBO,vlozhitdengi,template_5
recdaYwnSQq8IYfLK,vlozhitdengi1,template_6
recaBXD0WaGXdfE7E,vlozhitdengi2,template_1
recG2qaCx68dpgyNi,vlozhitdengi3,template_2
recAPxrQWHiVBYjA0,vlozhitdengi4,template_3
recb2wWdVSVeR20iM,vlozhitdengi5,template_4
rec0291l9e3xsLE5a,vlozhitdengi6,template_5
receweKpZgSUTHFbF,vlozhitdengi7,template_6
recRGJoROSmxaKkir,vlozhitdengi8,template_1
rec20L4MtSjgIQF1I,vlozhitdengi9,template_2
recDPiJ4zGToHQp9X,vlozhitdengi10,template_3
recaIGG2EyAromYL8,vlozhitdengi11,template_4
rec1J7XPR94gEYkvY,vlozhitdengi12,template_5
rec4zIqWuh7O2z8hL,vlozhitdengi13,template_6
recTwBAKdCVudZbvZ,vlozhitdengi14,template_1
recFWf9GsPvm1hlls,vlozhitdengi15,template_2
recuu5srXOjv9TNM3,vlozhitdengi16,template_3
recywZ4gJ7KicjBDC,vlozhitdengi17,template_4
recOQ4z7B7Hpm6aen,vlozhitdengi18,template_5
rec9zgnAc2JR9Vhev,vlozhitdengi19,template_6
recUTm2jtQq95J1zI,vlozhitdengi20,template_1
reclYO4MW8s81aNZT,vlozhitdengi21,template_2
recprKJVJThmKWzGl,vlozhitdengi22,template_3
recyKWZIMsdHhkiG2,vlozhitdengi23,template_4
recvKM3UlJXlED9Hw,vlozhitdengi24,template_5
recCJyoN9gu5NSWZE,vlozhitdengi25,template_6
reczjuTzn8MXQe4Xp,vlozhitdengi26,template_1
recCEi1LzvWXjnxz4,vlozhitdengi27,template_2
recFvSkM9BhvqeoMS,vlozhitdengi28,template_3
recHDVzaufYLDF7Gz,vlozhitdengi29,template_4
rechsxWCWYn4T9kLv,vlozhitdengi30,template_5
recgwaSyQGZgNnnpv,vlozhitdengi31,template_6
rec5BtauYwvy6Ei2Q,vlozhitdengi32,template_1
reck98IpHSGiUxiuy,vlozhitdengi33,template_2
recJLI64jC6GAyI5X,vlozhitdengi34,template_3
recm3SukD3uMNclAA,vlozhitdengi35,template_4
rectjEQ4ii0dsuw7c,vlozhitdengi36,template_5
recKKBH4EH1RG3IHD,vlozhitdengi37,template_6
recvM57Jr3ZfFregg,vlozhitdengi38,template_1
recNKwRvuSGDMIPY0,vlozhitdengi39,template_2
recOmHPzi3eVc33DR,vlozhitdokhod,template_3
rec7dweCCP1DVnQiL,vlozhitdokhod1,template_4
recUUAV7POv0wQAAs,vlozhitdokhod2,template_5
recDi9QE9RVf6HPNR,vlozhitdokhod3,template_6
rec8JbWuro3ogvGI8,vlozhitdokhod4,template_1
recCnQVa18QgYi4Zl,vlozhitkapital,template_5
reczdXOuk8VGmlhjz,vlozhitkapital1,template_6
recmsbh2D4bQNV1iT,vlozhitkapital2,template_1
recyj6FkndCQviMIX,vlozhitkapital3,template_2
recUFKuHIwUNDeAm5,vlozhitmillionov,template_5
rec1S5SYM4zKPfwhp,vlozhitmln,template_6
recY4wLnzsfl16g1V,vlozhitmln1,template_1
recGN6lFwJPIuLYds,vlozhitmln2,template_2
rec4Pn2eLIYAQUQbA,vlozhitmln3,template_3
recoAwsfjCddd9LjG,vlozhitmln4,template_4
recOX2YeXJlEvQMZs,vlozhitmln5,template_5
recASFjZqtDJQz2HN,vlozhitmln6,template_6
rec883GWWcamjd1gM,vlozhitmln7,template_1
reczZQtG6S5Jl2a1F,vlozhitmln8,template_2
recIA3mX432FBnAYz,vlozhitmln9,template_3
rec08bcAXU3oGFAIK,vlozhitmln10,template_4
recO4xmoJWbV4jzek,vlozhitmln11,template_5
recTXsMNdT1K5GNLV,vlozhitmln12,template_6
reciYYPGU1LCEO5C6,vlozhitmln13,template_1
rec5LprWEhcES6G7I,vlozhitnasledstvo,template_2
recpn8hXFshSWhUFw,vlozhitnasledstvo1,template_3
recgtMCirwFIjyJxW,vlozhitnestabilnom,template_4
recCKPin0l60aEong,vlozhitoslablenii,template_5
rec6Z4JF1tVIPrqgR,vlozhitpassivnyy,template_6
recn54gosdCvJtVr4,vlozhitpensiyu,template_1
recpOpC66RVmatDBT,vlozhitpervye2,template_2
recKy8XjDrlKDTQrE,vlozhitpod,template_3
recX4DNqb5RpY5ozD,vlozhitposle,template_4
reciKoByNf9Oeat9x,vlozhitposle1,template_5
recMJy1ODYQZfSC1M,vlozhitposle2,template_6
recNgmu8hxbh0Q7Ow,vlozhitposle3,template_1
recF24Irc0znTHEW0,vlozhitposle4,template_2
recd9EoqwVTO0W1TR,vlozhitposle5,template_3
recqXsJbZAFsbGqTh,vlozhitposle6,template_4
recMNOY2Uokt4ginR,vlozhitposle7,template_5
recaZ5g0NJLLvwNXx,vlozhitposle8,template_6
recTNpFGyJxhNSsFZ,vlozhitposle9,template_1
recA6naJIcuiyS36b,vlozhitposle10,template_2
reckGNaK8ozDbjKgL,vlozhitposle11,template_3
rec2VyVtDhyauVnzh,vlozhitposle12,template_4
rec5FGbZm3wWQ40kU,vlozhitposle13,template_5
recUdX3CylxS2w997,vlozhitrealnyy,template_6
recWVWLdmz3t0M4wC,vlozhitrossii,template_1
recTEDbBlyBhUSGkm,vlozhitrubli,template_2
recBkXRd4NeTCxkHR,vlozhitsanktsiyakh,template_3
recFMPfT1bakBzZaB,vlozhitsredstva,template_5
recg1BKmYzKhLrkFl,vlozhitsredstva1,template_6
recKqziNBeuTBIRJn,vlozhitstavke,template_1
rec6x6zCnOjfWgvkO,vlozhitsvobodnye,template_2
recwuT04IsZ01yKX3,vlozhitvalyutu,template_4
recG9uAq2qr5JnGl9,vlozhitzpif,template_5
recrbi3PR76s5huaB,vlozhitzpif1,template_6
rec4TfuLpzfgmxwIk,vlozhitzpif2,template_1
rec7Iqu2yt6a0t6vQ,vnestiinvestitsii,template_2
rechD9j1Dt2uVfCzD,vozmozhnostinvestirovat,template_3
recWpCzexjEeOEgDa,vozmozhnostiprivlecheniya,template_4
recv4Es7jXz4FqkbP,vyberiteobekty,template_5
rec50vmUOYvPFU3bf,vyberitevernoe,template_6
recvP9iooKSNChnKV,vybratdokhode,template_1
recG53mI381NQaVlX,vybratdom,template_2
rec0gKpQz4eyOIBCm,vybratfond,template_3
recuybvkbA6wvh1y1,vybratklyuchevoy,template_4
recADn950uy2z85kt,vybratkurs,template_5
recmnbGnYn8rMNgRG,vybratnovichku,template_1
recyMgQAI5jw9Hkma,vybratpokupku,template_3
recNCrwXNasfw22ko,vybratpokupku1,template_4
recmtaPJmHVVejUWv,vybratsemi,template_5
recRbYDC4dPdZ1Ceo,vybratvenchur,template_1
reckjbP03yXU2c7aI,vybratvmesto,template_2
recCRu9YeQu30DSg5,vybratzarubezhnyy,template_3
recKe4sniuou9905b,vybratzpif,template_4
recMlPY0FKojdt9PE,vybratzpif1,template_5
recEipTLFrUDlfwJm,vygodneefond,template_6
recNKhFxx2lR1heum,vygodneestudiya,template_1
recsHOFwyi8Tpf6JD,vyytizakrytogo,template_6
recCYPjvpVOMJUH27,zpifprotiv7,template_4
reclLtUemqDvNvs1N,zpifyplavayushchey,template_2